{
  "project_info": {
    "project_number": "739144232557",
    "firebase_url": "https://friendlychat-ba006.firebaseio.com",
    "project_id": "friendlychat-ba006",
    "storage_bucket": "friendlychat-ba006.appspot.com"
  },
  "client": [
    {
      "client_info": {
        "mobilesdk_app_id": "1:739144232557:android:7cf4476e47b6f246f09964",
        "android_client_info": {
          "package_name": "com.mm.poker.record"
        }
      },
      "oauth_client": [
        {
          "client_id": "739144232557-huht9lmnc9rnsdeoducrofepkripmbom.apps.googleusercontent.com",
          "client_type": 3
        }
      ],
      "api_key": [
        {
          "current_key": "AIzaSyACj1W2vSagMZnTlLcwDho5TKkN1AfhOtg"
        }
      ],
      "services": {
        "appinvite_service": {
          "other_platform_oauth_client": [
            {
              "client_id": "739144232557-huht9lmnc9rnsdeoducrofepkripmbom.apps.googleusercontent.com",
              "client_type": 3
            }
          ]
        }
      }
    }
  ],
  "configuration_version": "1"
}